,player,image_url
0,Jaylen Adams,https://ak-static.cms.nba.com/wp-content/uploads/headshots/nba/latest/260x190/1629121.png
1,Steven Adams,https://ak-static.cms.nba.com/wp-content/uploads/headshots/nba/latest/260x190/203500.png
2,Bam Adebayo,https://ak-static.cms.nba.com/wp-content/uploads/headshots/nba/latest/260x190/1628389.png
3,LaMarcus Aldridge,https://ak-static.cms.nba.com/wp-content/uploads/headshots/nba/latest/260x190/200746.png
4,Nickeil Alexander-Walker,https://ak-static.cms.nba.com/wp-content/uploads/headshots/nba/latest/260x190/1629638.png
5,Kyle Alexander,https://ak-static.cms.nba.com/wp-content/uploads/headshots/nba/latest/260x190/1629734.png
6,Grayson Allen,https://ak-static.cms.nba.com/wp-content/uploads/headshots/nba/latest/260x190/1628960.png
7,Jarrett Allen,https://ak-static.cms.nba.com/wp-content/uploads/headshots/nba/latest/260x190/1628386.png
8,Al-Farouq Aminu,https://ak-static.cms.nba.com/wp-content/uploads/headshots/nba/latest/260x190/202329.png
9,Kyle Anderson,https://ak-static.cms.nba.com/wp-content/uploads/headshots/nba/latest/260x190/203937.png
10,Giannis Antetokounmpo,https://ak-static.cms.nba.com/wp-content/uploads/headshots/nba/latest/260x190/203507.png
11,Kostas Antetokounmpo,https://ak-static.cms.nba.com/wp-content/uploads/headshots/nba/latest/260x190/1628961.png
12,Thanasis Antetokounmpo,https://ak-static.cms.nba.com/wp-content/uploads/headshots/nba/latest/260x190/203648.png
13,Carmelo Anthony,https://ak-static.cms.nba.com/wp-content/uploads/headshots/nba/latest/260x190/2546.png
14,OG Anunoby,https://ak-static.cms.nba.com/wp-content/uploads/headshots/nba/latest/260x190/1628384.png
15,Ryan Arcidiacono,https://ak-static.cms.nba.com/wp-content/uploads/headshots/nba/latest/260x190/1627853.png
16,Trevor Ariza,https://ak-static.cms.nba.com/wp-content/uploads/headshots/nba/latest/260x190/2772.png
17,D.J. Augustin,https://ak-static.cms.nba.com/wp-content/uploads/headshots/nba/latest/260x190/201571.png
18,Deandre Ayton,https://ak-static.cms.nba.com/wp-content/uploads/headshots/nba/latest/260x190/1629028.png
19,Dwayne Bacon,https://ak-static.cms.nba.com/wp-content/uploads/headshots/nba/latest/260x190/1628407.png
20,Marvin Bagley III,https://ak-static.cms.nba.com/wp-content/uploads/headshots/nba/latest/260x190/1628963.png
21,Lonzo Ball,https://ak-static.cms.nba.com/wp-content/uploads/headshots/nba/latest/260x190/1628366.png
22,Mo Bamba,https://ak-static.cms.nba.com/wp-content/uploads/headshots/nba/latest/260x190/1628964.png
23,J.J. Barea,https://ak-static.cms.nba.com/wp-content/uploads/headshots/nba/latest/260x190/200826.png
24,Harrison Barnes,https://ak-static.cms.nba.com/wp-content/uploads/headshots/nba/latest/260x190/203084.png
25,RJ Barrett,https://ak-static.cms.nba.com/wp-content/uploads/headshots/nba/latest/260x190/1629628.png
26,Will Barton,https://ak-static.cms.nba.com/wp-content/uploads/headshots/nba/latest/260x190/203115.png
27,Keita Bates-Diop,https://ak-static.cms.nba.com/wp-content/uploads/headshots/nba/latest/260x190/1628966.png
28,Nicolas Batum,https://ak-static.cms.nba.com/wp-content/uploads/headshots/nba/latest/260x190/201587.png
29,Aron Baynes,https://ak-static.cms.nba.com/wp-content/uploads/headshots/nba/latest/260x190/203382.png
30,Kent Bazemore,https://ak-static.cms.nba.com/wp-content/uploads/headshots/nba/latest/260x190/203145.png
31,Darius Bazley,https://ak-static.cms.nba.com/wp-content/uploads/headshots/nba/latest/260x190/1629647.png
32,Bradley Beal,https://ak-static.cms.nba.com/wp-content/uploads/headshots/nba/latest/260x190/203078.png
33,Malik Beasley,https://ak-static.cms.nba.com/wp-content/uploads/headshots/nba/latest/260x190/1627736.png
34,Michael Beasley,https://ak-static.cms.nba.com/wp-content/uploads/headshots/nba/latest/260x190/201563.png
35,Marco Belinelli,https://ak-static.cms.nba.com/wp-content/uploads/headshots/nba/latest/260x190/201158.png
36,Jordan Bell,https://ak-static.cms.nba.com/wp-content/uploads/headshots/nba/latest/260x190/1628395.png
37,DeAndre' Bembry,https://ak-static.cms.nba.com/wp-content/uploads/headshots/nba/latest/260x190/1627761.png
38,Davis Bertans,https://ak-static.cms.nba.com/wp-content/uploads/headshots/nba/latest/260x190/202722.png
39,Patrick Beverley,https://ak-static.cms.nba.com/wp-content/uploads/headshots/nba/latest/260x190/201976.png
40,Khem Birch,https://ak-static.cms.nba.com/wp-content/uploads/headshots/nba/latest/260x190/203920.png
41,Goga Bitadze,https://ak-static.cms.nba.com/wp-content/uploads/headshots/nba/latest/260x190/1629048.png
42,Bismack Biyombo,https://ak-static.cms.nba.com/wp-content/uploads/headshots/nba/latest/260x190/202687.png
43,Nemanja Bjelica,https://ak-static.cms.nba.com/wp-content/uploads/headshots/nba/latest/260x190/202357.png
44,Eric Bledsoe,https://ak-static.cms.nba.com/wp-content/uploads/headshots/nba/latest/260x190/202339.png
45,Bogdan Bogdanovic,https://ak-static.cms.nba.com/wp-content/uploads/headshots/nba/latest/260x190/203992.png
46,Bojan Bogdanovic,https://ak-static.cms.nba.com/wp-content/uploads/headshots/nba/latest/260x190/202711.png
47,Bol Bol,https://ak-static.cms.nba.com/wp-content/uploads/headshots/nba/latest/260x190/1629626.png
48,Jordan Bone,https://ak-static.cms.nba.com/wp-content/uploads/headshots/nba/latest/260x190/1629648.png
49,Isaac Bonga,https://ak-static.cms.nba.com/wp-content/uploads/headshots/nba/latest/260x190/1629067.png
50,Devin Booker,https://ak-static.cms.nba.com/wp-content/uploads/headshots/nba/latest/260x190/1626164.png
51,Chris Boucher,https://ak-static.cms.nba.com/wp-content/uploads/headshots/nba/latest/260x190/1628449.png
52,Brian Bowen II,https://ak-static.cms.nba.com/wp-content/uploads/headshots/nba/latest/260x190/1628968.png
53,Ky Bowman,https://ak-static.cms.nba.com/wp-content/uploads/headshots/nba/latest/260x190/1629065.png
54,Avery Bradley,https://ak-static.cms.nba.com/wp-content/uploads/headshots/nba/latest/260x190/202340.png
55,Tony Bradley,https://ak-static.cms.nba.com/wp-content/uploads/headshots/nba/latest/260x190/1628396.png
56,Jarrell Brantley,https://ak-static.cms.nba.com/wp-content/uploads/headshots/nba/latest/260x190/1629714.png
57,Ignas Brazdeikis,https://ak-static.cms.nba.com/wp-content/uploads/headshots/nba/latest/260x190/1629649.png
58,Corey Brewer,https://ak-static.cms.nba.com/wp-content/uploads/headshots/nba/latest/260x190/201147.png
59,Mikal Bridges,https://ak-static.cms.nba.com/wp-content/uploads/headshots/nba/latest/260x190/1628969.png
60,Miles Bridges,https://ak-static.cms.nba.com/wp-content/uploads/headshots/nba/latest/260x190/1628970.png
61,Oshae Brissett,https://ak-static.cms.nba.com/wp-content/uploads/headshots/nba/latest/260x190/1629052.png
62,Ryan Broekhoff,https://ak-static.cms.nba.com/wp-content/uploads/headshots/nba/latest/260x190/1629151.png
63,Malcolm Brogdon,https://ak-static.cms.nba.com/wp-content/uploads/headshots/nba/latest/260x190/1627763.png
64,Dillon Brooks,https://ak-static.cms.nba.com/wp-content/uploads/headshots/nba/latest/260x190/1628415.png
65,Charles Brown Jr.,https://ak-static.cms.nba.com/wp-content/uploads/headshots/nba/latest/260x190/1629718.png
66,Troy Brown Jr.,https://ak-static.cms.nba.com/wp-content/uploads/headshots/nba/latest/260x190/1628972.png
67,Bruce Brown,https://ak-static.cms.nba.com/wp-content/uploads/headshots/nba/latest/260x190/1628971.png
68,Jaylen Brown,https://ak-static.cms.nba.com/wp-content/uploads/headshots/nba/latest/260x190/1627759.png
69,Moses Brown,https://ak-static.cms.nba.com/wp-content/uploads/headshots/nba/latest/260x190/1629650.png
70,Sterling Brown,https://ak-static.cms.nba.com/wp-content/uploads/headshots/nba/latest/260x190/1628425.png
71,Jalen Brunson,https://ak-static.cms.nba.com/wp-content/uploads/headshots/nba/latest/260x190/1628973.png
72,Thomas Bryant,https://ak-static.cms.nba.com/wp-content/uploads/headshots/nba/latest/260x190/1628418.png
73,Reggie Bullock,https://ak-static.cms.nba.com/wp-content/uploads/headshots/nba/latest/260x190/203493.png
74,Trey Burke,https://ak-static.cms.nba.com/wp-content/uploads/headshots/nba/latest/260x190/203504.png
75,Alec Burks,https://ak-static.cms.nba.com/wp-content/uploads/headshots/nba/latest/260x190/202692.png
76,Deonte Burton,https://ak-static.cms.nba.com/wp-content/uploads/headshots/nba/latest/260x190/1629126.png
77,Jimmy Butler,https://ak-static.cms.nba.com/wp-content/uploads/headshots/nba/latest/260x190/202710.png
78,Bruno Caboclo,https://ak-static.cms.nba.com/wp-content/uploads/headshots/nba/latest/260x190/203998.png
79,Devontae Cacok,https://ak-static.cms.nba.com/wp-content/uploads/headshots/nba/latest/260x190/1629719.png
80,Kentavious Caldwell-Pope,https://ak-static.cms.nba.com/wp-content/uploads/headshots/nba/latest/260x190/203484.png
81,Vlatko Cancar,https://ak-static.cms.nba.com/wp-content/uploads/headshots/nba/latest/260x190/1628427.png
82,Clint Capela,https://ak-static.cms.nba.com/wp-content/uploads/headshots/nba/latest/260x190/203991.png
83,DeMarre Carroll,https://ak-static.cms.nba.com/wp-content/uploads/headshots/nba/latest/260x190/201960.png
84,Wendell Carter Jr.,https://ak-static.cms.nba.com/wp-content/uploads/headshots/nba/latest/260x190/1628976.png
85,Michael Carter-Williams,https://ak-static.cms.nba.com/wp-content/uploads/headshots/nba/latest/260x190/203487.png
86,Jevon Carter,https://ak-static.cms.nba.com/wp-content/uploads/headshots/nba/latest/260x190/1628975.png
87,Vince Carter,https://ak-static.cms.nba.com/wp-content/uploads/headshots/nba/latest/260x190/1713.png
88,Alex Caruso,https://ak-static.cms.nba.com/wp-content/uploads/headshots/nba/latest/260x190/1627936.png
89,Willie Cauley-Stein,https://ak-static.cms.nba.com/wp-content/uploads/headshots/nba/latest/260x190/1626161.png
90,Tyson Chandler,https://ak-static.cms.nba.com/wp-content/uploads/headshots/nba/latest/260x190/2199.png
91,Wilson Chandler,https://ak-static.cms.nba.com/wp-content/uploads/headshots/nba/latest/260x190/201163.png
92,Zylan Cheatham,https://ak-static.cms.nba.com/wp-content/uploads/headshots/nba/latest/260x190/1629597.png
93,Chris Chiozza,https://ak-static.cms.nba.com/wp-content/uploads/headshots/nba/latest/260x190/1629185.png
94,Marquese Chriss,https://ak-static.cms.nba.com/wp-content/uploads/headshots/nba/latest/260x190/1627737.png
95,Brandon Clarke,https://ak-static.cms.nba.com/wp-content/uploads/headshots/nba/latest/260x190/1629634.png
96,Gary Clark,https://ak-static.cms.nba.com/wp-content/uploads/headshots/nba/latest/260x190/1629109.png
97,Jordan Clarkson,https://ak-static.cms.nba.com/wp-content/uploads/headshots/nba/latest/260x190/203903.png
98,Nicolas Claxton,https://ak-static.cms.nba.com/wp-content/uploads/headshots/nba/latest/260x190/1629651.png
99,Chris Clemons,https://ak-static.cms.nba.com/wp-content/uploads/headshots/nba/latest/260x190/1629598.png
100,Antonius Cleveland,https://ak-static.cms.nba.com/wp-content/uploads/headshots/nba/latest/260x190/1628499.png
101,Amir Coffey,https://ak-static.cms.nba.com/wp-content/uploads/headshots/nba/latest/260x190/1629599.png
102,John Collins,https://ak-static.cms.nba.com/wp-content/uploads/headshots/nba/latest/260x190/1628381.png
103,Zach Collins,https://ak-static.cms.nba.com/wp-content/uploads/headshots/nba/latest/260x190/1628380.png
104,Mike Conley,https://ak-static.cms.nba.com/wp-content/uploads/headshots/nba/latest/260x190/201144.png
105,Pat Connaughton,https://ak-static.cms.nba.com/wp-content/uploads/headshots/nba/latest/260x190/1626192.png
106,Quinn Cook,https://ak-static.cms.nba.com/wp-content/uploads/headshots/nba/latest/260x190/1626188.png
107,Tyler Cook,https://ak-static.cms.nba.com/wp-content/uploads/headshots/nba/latest/260x190/1629076.png
108,Robert Covington,https://ak-static.cms.nba.com/wp-content/uploads/headshots/nba/latest/260x190/203496.png
109,Torrey Craig,https://ak-static.cms.nba.com/wp-content/uploads/headshots/nba/latest/260x190/1628470.png
110,Jamal Crawford,https://ak-static.cms.nba.com/wp-content/uploads/headshots/nba/latest/260x190/2037.png
111,Jae Crowder,https://ak-static.cms.nba.com/wp-content/uploads/headshots/nba/latest/260x190/203109.png
112,Jarrett Culver,https://ak-static.cms.nba.com/wp-content/uploads/headshots/nba/latest/260x190/1629633.png
113,Seth Curry,https://ak-static.cms.nba.com/wp-content/uploads/headshots/nba/latest/260x190/203552.png
114,Stephen Curry,https://ak-static.cms.nba.com/wp-content/uploads/headshots/nba/latest/260x190/201939.png
115,Troy Daniels,https://ak-static.cms.nba.com/wp-content/uploads/headshots/nba/latest/260x190/203584.png
116,Anthony Davis,https://ak-static.cms.nba.com/wp-content/uploads/headshots/nba/latest/260x190/203076.png
117,Ed Davis,https://ak-static.cms.nba.com/wp-content/uploads/headshots/nba/latest/260x190/202334.png
118,Terence Davis,https://ak-static.cms.nba.com/wp-content/uploads/headshots/nba/latest/260x190/1629056.png
119,Dewayne Dedmon,https://ak-static.cms.nba.com/wp-content/uploads/headshots/nba/latest/260x190/203473.png
120,Matthew Dellavedova,https://ak-static.cms.nba.com/wp-content/uploads/headshots/nba/latest/260x190/203521.png
121,DeMar DeRozan,https://ak-static.cms.nba.com/wp-content/uploads/headshots/nba/latest/260x190/201942.png
122,Cheick Diallo,https://ak-static.cms.nba.com/wp-content/uploads/headshots/nba/latest/260x190/1627767.png
123,Hamidou Diallo,https://ak-static.cms.nba.com/wp-content/uploads/headshots/nba/latest/260x190/1628977.png
124,Gorgui Dieng,https://ak-static.cms.nba.com/wp-content/uploads/headshots/nba/latest/260x190/203476.png
125,Spencer Dinwiddie,https://ak-static.cms.nba.com/wp-content/uploads/headshots/nba/latest/260x190/203915.png
126,Donte DiVincenzo,https://ak-static.cms.nba.com/wp-content/uploads/headshots/nba/latest/260x190/1628978.png
127,Luka Doncic,https://ak-static.cms.nba.com/wp-content/uploads/headshots/nba/latest/260x190/1629029.png
128,Luguentz Dort,https://ak-static.cms.nba.com/wp-content/uploads/headshots/nba/latest/260x190/1629652.png
129,Damyean Dotson,https://ak-static.cms.nba.com/wp-content/uploads/headshots/nba/latest/260x190/1628422.png
130,Sekou Doumbouya,https://ak-static.cms.nba.com/wp-content/uploads/headshots/nba/latest/260x190/1629635.png
131,PJ Dozier,https://ak-static.cms.nba.com/wp-content/uploads/headshots/nba/latest/260x190/1628408.png
132,Goran Dragic,https://ak-static.cms.nba.com/wp-content/uploads/headshots/nba/latest/260x190/201609.png
133,Andre Drummond,https://ak-static.cms.nba.com/wp-content/uploads/headshots/nba/latest/260x190/203083.png
134,Jared Dudley,https://ak-static.cms.nba.com/wp-content/uploads/headshots/nba/latest/260x190/201162.png
135,Kris Dunn,https://ak-static.cms.nba.com/wp-content/uploads/headshots/nba/latest/260x190/1627739.png
136,Kevin Durant,https://ak-static.cms.nba.com/wp-content/uploads/headshots/nba/latest/260x190/201142.png
137,Carsen Edwards,https://ak-static.cms.nba.com/wp-content/uploads/headshots/nba/latest/260x190/1629035.png
138,Wayne Ellington,https://ak-static.cms.nba.com/wp-content/uploads/headshots/nba/latest/260x190/201961.png
139,Joel Embiid,https://ak-static.cms.nba.com/wp-content/uploads/headshots/nba/latest/260x190/203954.png
140,James Ennis III,https://ak-static.cms.nba.com/wp-content/uploads/headshots/nba/latest/260x190/203516.png
141,Drew Eubanks,https://ak-static.cms.nba.com/wp-content/uploads/headshots/nba/latest/260x190/1629234.png
142,Jacob Evans,https://ak-static.cms.nba.com/wp-content/uploads/headshots/nba/latest/260x190/1628980.png
143,Dante Exum,https://ak-static.cms.nba.com/wp-content/uploads/headshots/nba/latest/260x190/203957.png
144,Tacko Fall,https://ak-static.cms.nba.com/wp-content/uploads/headshots/nba/latest/260x190/1629605.png
145,Derrick Favors,https://ak-static.cms.nba.com/wp-content/uploads/headshots/nba/latest/260x190/202324.png
146,Cristiano Felicio,https://ak-static.cms.nba.com/wp-content/uploads/headshots/nba/latest/260x190/1626245.png
147,Terrance Ferguson,https://ak-static.cms.nba.com/wp-content/uploads/headshots/nba/latest/260x190/1628390.png
148,Bruno Fernando,https://ak-static.cms.nba.com/wp-content/uploads/headshots/nba/latest/260x190/1628981.png
149,Yogi Ferrell,https://ak-static.cms.nba.com/wp-content/uploads/headshots/nba/latest/260x190/1627812.png
150,Dorian Finney-Smith,https://ak-static.cms.nba.com/wp-content/uploads/headshots/nba/latest/260x190/1627827.png
151,Bryn Forbes,https://ak-static.cms.nba.com/wp-content/uploads/headshots/nba/latest/260x190/1627854.png
152,Evan Fournier,https://ak-static.cms.nba.com/wp-content/uploads/headshots/nba/latest/260x190/203095.png
153,De'Aaron Fox,https://ak-static.cms.nba.com/wp-content/uploads/headshots/nba/latest/260x190/1628368.png
154,Melvin Frazier Jr.,https://ak-static.cms.nba.com/wp-content/uploads/headshots/nba/latest/260x190/1628982.png
155,Michael Frazier,https://ak-static.cms.nba.com/wp-content/uploads/headshots/nba/latest/260x190/1626187.png
156,Markelle Fultz,https://ak-static.cms.nba.com/wp-content/uploads/headshots/nba/latest/260x190/1628365.png
157,Wenyen Gabriel,https://ak-static.cms.nba.com/wp-content/uploads/headshots/nba/latest/260x190/1629117.png
158,Daniel Gafford,https://ak-static.cms.nba.com/wp-content/uploads/headshots/nba/latest/260x190/1629655.png
159,Danilo Gallinari,https://ak-static.cms.nba.com/wp-content/uploads/headshots/nba/latest/260x190/201568.png
160,Langston Galloway,https://ak-static.cms.nba.com/wp-content/uploads/headshots/nba/latest/260x190/204038.png
161,Darius Garland,https://ak-static.cms.nba.com/wp-content/uploads/headshots/nba/latest/260x190/1629636.png
162,Marc Gasol,https://ak-static.cms.nba.com/wp-content/uploads/headshots/nba/latest/260x190/201188.png
163,Rudy Gay,https://ak-static.cms.nba.com/wp-content/uploads/headshots/nba/latest/260x190/200752.png
164,Paul George,https://ak-static.cms.nba.com/wp-content/uploads/headshots/nba/latest/260x190/202331.png
165,Taj Gibson,https://ak-static.cms.nba.com/wp-content/uploads/headshots/nba/latest/260x190/201959.png
166,Harry Giles III,https://ak-static.cms.nba.com/wp-content/uploads/headshots/nba/latest/260x190/1628385.png
167,Shai Gilgeous-Alexander,https://ak-static.cms.nba.com/wp-content/uploads/headshots/nba/latest/260x190/1628983.png
168,Rudy Gobert,https://ak-static.cms.nba.com/wp-content/uploads/headshots/nba/latest/260x190/203497.png
169,Brandon Goodwin,https://ak-static.cms.nba.com/wp-content/uploads/headshots/nba/latest/260x190/1629164.png
170,Aaron Gordon,https://ak-static.cms.nba.com/wp-content/uploads/headshots/nba/latest/260x190/203932.png
171,Eric Gordon,https://ak-static.cms.nba.com/wp-content/uploads/headshots/nba/latest/260x190/201569.png
172,Devonte' Graham,https://ak-static.cms.nba.com/wp-content/uploads/headshots/nba/latest/260x190/1628984.png
173,Treveon Graham,https://ak-static.cms.nba.com/wp-content/uploads/headshots/nba/latest/260x190/1626203.png
174,Jerami Grant,https://ak-static.cms.nba.com/wp-content/uploads/headshots/nba/latest/260x190/203924.png
175,Jerian Grant,https://ak-static.cms.nba.com/wp-content/uploads/headshots/nba/latest/260x190/1626170.png
176,Josh Gray,https://ak-static.cms.nba.com/wp-content/uploads/headshots/nba/latest/260x190/1627982.png
177,Danny Green,https://ak-static.cms.nba.com/wp-content/uploads/headshots/nba/latest/260x190/201980.png
178,Draymond Green,https://ak-static.cms.nba.com/wp-content/uploads/headshots/nba/latest/260x190/203110.png
179,JaMychal Green,https://ak-static.cms.nba.com/wp-content/uploads/headshots/nba/latest/260x190/203210.png
180,Javonte Green,https://ak-static.cms.nba.com/wp-content/uploads/headshots/nba/latest/260x190/1629750.png
181,Jeff Green,https://ak-static.cms.nba.com/wp-content/uploads/headshots/nba/latest/260x190/201145.png
182,Blake Griffin,https://ak-static.cms.nba.com/wp-content/uploads/headshots/nba/latest/260x190/201933.png
183,Marko Guduric,https://ak-static.cms.nba.com/wp-content/uploads/headshots/nba/latest/260x190/1629741.png
184,Kyle Guy,https://ak-static.cms.nba.com/wp-content/uploads/headshots/nba/latest/260x190/1629657.png
185,Rui Hachimura,https://ak-static.cms.nba.com/wp-content/uploads/headshots/nba/latest/260x190/1629060.png
186,Devon Hall,https://ak-static.cms.nba.com/wp-content/uploads/headshots/nba/latest/260x190/1628985.png
187,Donta Hall,https://ak-static.cms.nba.com/wp-content/uploads/headshots/nba/latest/260x190/1629743.png
188,Tim Hardaway Jr.,https://ak-static.cms.nba.com/wp-content/uploads/headshots/nba/latest/260x190/203501.png
189,James Harden,https://ak-static.cms.nba.com/wp-content/uploads/headshots/nba/latest/260x190/201935.png
190,Maurice Harkless,https://ak-static.cms.nba.com/wp-content/uploads/headshots/nba/latest/260x190/203090.png
191,Jared Harper,https://ak-static.cms.nba.com/wp-content/uploads/headshots/nba/latest/260x190/1629607.png
192,Montrezl Harrell,https://ak-static.cms.nba.com/wp-content/uploads/headshots/nba/latest/260x190/1626149.png
193,Gary Harris,https://ak-static.cms.nba.com/wp-content/uploads/headshots/nba/latest/260x190/203914.png
194,Joe Harris,https://ak-static.cms.nba.com/wp-content/uploads/headshots/nba/latest/260x190/203925.png
195,Shaquille Harrison,https://ak-static.cms.nba.com/wp-content/uploads/headshots/nba/latest/260x190/1627885.png
196,Tobias Harris,https://ak-static.cms.nba.com/wp-content/uploads/headshots/nba/latest/260x190/202699.png
197,Josh Hart,https://ak-static.cms.nba.com/wp-content/uploads/headshots/nba/latest/260x190/1628404.png
198,Udonis Haslem,https://ak-static.cms.nba.com/wp-content/uploads/headshots/nba/latest/260x190/2617.png
199,Jaxson Hayes,https://ak-static.cms.nba.com/wp-content/uploads/headshots/nba/latest/260x190/1629637.png
200,Gordon Hayward,https://ak-static.cms.nba.com/wp-content/uploads/headshots/nba/latest/260x190/202330.png
201,John Henson,https://ak-static.cms.nba.com/wp-content/uploads/headshots/nba/latest/260x190/203089.png
202,Dewan Hernandez,https://ak-static.cms.nba.com/wp-content/uploads/headshots/nba/latest/260x190/1629608.png
203,Juancho Hernangomez,https://ak-static.cms.nba.com/wp-content/uploads/headshots/nba/latest/260x190/1627823.png
204,Willy Hernangomez,https://ak-static.cms.nba.com/wp-content/uploads/headshots/nba/latest/260x190/1626195.png
205,Tyler Herro,https://ak-static.cms.nba.com/wp-content/uploads/headshots/nba/latest/260x190/1629639.png
206,Kevin Hervey,https://ak-static.cms.nba.com/wp-content/uploads/headshots/nba/latest/260x190/1628987.png
207,Mario Hezonja,https://ak-static.cms.nba.com/wp-content/uploads/headshots/nba/latest/260x190/1626209.png
208,Buddy Hield,https://ak-static.cms.nba.com/wp-content/uploads/headshots/nba/latest/260x190/1627741.png
209,George Hill,https://ak-static.cms.nba.com/wp-content/uploads/headshots/nba/latest/260x190/201588.png
210,Solomon Hill,https://ak-static.cms.nba.com/wp-content/uploads/headshots/nba/latest/260x190/203524.png
211,Jaylen Hoard,https://ak-static.cms.nba.com/wp-content/uploads/headshots/nba/latest/260x190/1629658.png
212,Aaron Holiday,https://ak-static.cms.nba.com/wp-content/uploads/headshots/nba/latest/260x190/1628988.png
213,Jrue Holiday,https://ak-static.cms.nba.com/wp-content/uploads/headshots/nba/latest/260x190/201950.png
214,Justin Holiday,https://ak-static.cms.nba.com/wp-content/uploads/headshots/nba/latest/260x190/203200.png
215,Rondae Hollis-Jefferson,https://ak-static.cms.nba.com/wp-content/uploads/headshots/nba/latest/260x190/1626178.png
216,Richaun Holmes,https://ak-static.cms.nba.com/wp-content/uploads/headshots/nba/latest/260x190/1626158.png
217,Rodney Hood,https://ak-static.cms.nba.com/wp-content/uploads/headshots/nba/latest/260x190/203918.png
218,Al Horford,https://ak-static.cms.nba.com/wp-content/uploads/headshots/nba/latest/260x190/201143.png
219,Talen Horton-Tucker,https://ak-static.cms.nba.com/wp-content/uploads/headshots/nba/latest/260x190/1629659.png
220,Danuel House Jr.,https://ak-static.cms.nba.com/wp-content/uploads/headshots/nba/latest/260x190/1627863.png
221,Dwight Howard,https://ak-static.cms.nba.com/wp-content/uploads/headshots/nba/latest/260x190/2730.png
222,William Howard,https://ak-static.cms.nba.com/wp-content/uploads/headshots/nba/latest/260x190/1629739.png
223,Kevin Huerter,https://ak-static.cms.nba.com/wp-content/uploads/headshots/nba/latest/260x190/1628989.png
224,De'Andre Hunter,https://ak-static.cms.nba.com/wp-content/uploads/headshots/nba/latest/260x190/1629631.png
225,Chandler Hutchison,https://ak-static.cms.nba.com/wp-content/uploads/headshots/nba/latest/260x190/1628990.png
226,Serge Ibaka,https://ak-static.cms.nba.com/wp-content/uploads/headshots/nba/latest/260x190/201586.png
227,Andre Iguodala,https://ak-static.cms.nba.com/wp-content/uploads/headshots/nba/latest/260x190/2738.png
228,Ersan Ilyasova,https://ak-static.cms.nba.com/wp-content/uploads/headshots/nba/latest/260x190/101141.png
229,Joe Ingles,https://ak-static.cms.nba.com/wp-content/uploads/headshots/nba/latest/260x190/204060.png
230,Brandon Ingram,https://ak-static.cms.nba.com/wp-content/uploads/headshots/nba/latest/260x190/1627742.png
231,Kyrie Irving,https://ak-static.cms.nba.com/wp-content/uploads/headshots/nba/latest/260x190/202681.png
232,Jonathan Isaac,https://ak-static.cms.nba.com/wp-content/uploads/headshots/nba/latest/260x190/1628371.png
233,Wes Iwundu,https://ak-static.cms.nba.com/wp-content/uploads/headshots/nba/latest/260x190/1628411.png
234,Jaren Jackson Jr.,https://ak-static.cms.nba.com/wp-content/uploads/headshots/nba/latest/260x190/1628991.png
235,Frank Jackson,https://ak-static.cms.nba.com/wp-content/uploads/headshots/nba/latest/260x190/1628402.png
236,Josh Jackson,https://ak-static.cms.nba.com/wp-content/uploads/headshots/nba/latest/260x190/1628367.png
237,Justin Jackson,https://ak-static.cms.nba.com/wp-content/uploads/headshots/nba/latest/260x190/1628382.png
238,Reggie Jackson,https://ak-static.cms.nba.com/wp-content/uploads/headshots/nba/latest/260x190/202704.png
239,Justin James,https://ak-static.cms.nba.com/wp-content/uploads/headshots/nba/latest/260x190/1629713.png
240,LeBron James,https://ak-static.cms.nba.com/wp-content/uploads/headshots/nba/latest/260x190/2544.png
241,DaQuan Jeffries,https://ak-static.cms.nba.com/wp-content/uploads/headshots/nba/latest/260x190/1629610.png
242,Ty Jerome,https://ak-static.cms.nba.com/wp-content/uploads/headshots/nba/latest/260x190/1629660.png
243,Alize Johnson,https://ak-static.cms.nba.com/wp-content/uploads/headshots/nba/latest/260x190/1628993.png
244,BJ Johnson,https://ak-static.cms.nba.com/wp-content/uploads/headshots/nba/latest/260x190/1629168.png
245,Cameron Johnson,https://ak-static.cms.nba.com/wp-content/uploads/headshots/nba/latest/260x190/1629661.png
246,James Johnson,https://ak-static.cms.nba.com/wp-content/uploads/headshots/nba/latest/260x190/201949.png
247,Keldon Johnson,https://ak-static.cms.nba.com/wp-content/uploads/headshots/nba/latest/260x190/1629640.png
248,Stanley Johnson,https://ak-static.cms.nba.com/wp-content/uploads/headshots/nba/latest/260x190/1626169.png
249,Tyler Johnson,https://ak-static.cms.nba.com/wp-content/uploads/headshots/nba/latest/260x190/204020.png
250,Nikola Jokic,https://ak-static.cms.nba.com/wp-content/uploads/headshots/nba/latest/260x190/203999.png
251,Derrick Jones Jr.,https://ak-static.cms.nba.com/wp-content/uploads/headshots/nba/latest/260x190/1627884.png
252,Damian Jones,https://ak-static.cms.nba.com/wp-content/uploads/headshots/nba/latest/260x190/1627745.png
253,Tyus Jones,https://ak-static.cms.nba.com/wp-content/uploads/headshots/nba/latest/260x190/1626145.png
254,DeAndre Jordan,https://ak-static.cms.nba.com/wp-content/uploads/headshots/nba/latest/260x190/201599.png
255,Cory Joseph,https://ak-static.cms.nba.com/wp-content/uploads/headshots/nba/latest/260x190/202709.png
256,Mfiondu Kabengele,https://ak-static.cms.nba.com/wp-content/uploads/headshots/nba/latest/260x190/1629662.png
257,Frank Kaminsky,https://ak-static.cms.nba.com/wp-content/uploads/headshots/nba/latest/260x190/1626163.png
258,Enes Kanter,https://ak-static.cms.nba.com/wp-content/uploads/headshots/nba/latest/260x190/202683.png
259,Luke Kennard,https://ak-static.cms.nba.com/wp-content/uploads/headshots/nba/latest/260x190/1628379.png
260,Michael Kidd-Gilchrist,https://ak-static.cms.nba.com/wp-content/uploads/headshots/nba/latest/260x190/203077.png
261,Louis King,https://ak-static.cms.nba.com/wp-content/uploads/headshots/nba/latest/260x190/1629663.png
262,Maxi Kleber,https://ak-static.cms.nba.com/wp-content/uploads/headshots/nba/latest/260x190/1628467.png
263,Brandon Knight,https://ak-static.cms.nba.com/wp-content/uploads/headshots/nba/latest/260x190/202688.png
264,Kevin Knox II,https://ak-static.cms.nba.com/wp-content/uploads/headshots/nba/latest/260x190/1628995.png
265,John Konchar,https://ak-static.cms.nba.com/wp-content/uploads/headshots/nba/latest/260x190/1629723.png
266,Furkan Korkmaz,https://ak-static.cms.nba.com/wp-content/uploads/headshots/nba/latest/260x190/1627788.png
267,Luke Kornet,https://ak-static.cms.nba.com/wp-content/uploads/headshots/nba/latest/260x190/1628436.png
268,Kyle Korver,https://ak-static.cms.nba.com/wp-content/uploads/headshots/nba/latest/260x190/2594.png
269,Rodions Kurucs,https://ak-static.cms.nba.com/wp-content/uploads/headshots/nba/latest/260x190/1629066.png
270,Kyle Kuzma,https://ak-static.cms.nba.com/wp-content/uploads/headshots/nba/latest/260x190/1628398.png
271,Skal Labissiere,https://ak-static.cms.nba.com/wp-content/uploads/headshots/nba/latest/260x190/1627746.png
272,Jeremy Lamb,https://ak-static.cms.nba.com/wp-content/uploads/headshots/nba/latest/260x190/203087.png
273,Romeo Langford,https://ak-static.cms.nba.com/wp-content/uploads/headshots/nba/latest/260x190/1629641.png
274,Zach LaVine,https://ak-static.cms.nba.com/wp-content/uploads/headshots/nba/latest/260x190/203897.png
275,Vic Law,https://ak-static.cms.nba.com/wp-content/uploads/headshots/nba/latest/260x190/1629724.png
276,Jake Layman,https://ak-static.cms.nba.com/wp-content/uploads/headshots/nba/latest/260x190/1627774.png
277,TJ Leaf,https://ak-static.cms.nba.com/wp-content/uploads/headshots/nba/latest/260x190/1628388.png
278,Jalen Lecque,https://ak-static.cms.nba.com/wp-content/uploads/headshots/nba/latest/260x190/1629665.png
279,Courtney Lee,https://ak-static.cms.nba.com/wp-content/uploads/headshots/nba/latest/260x190/201584.png
280,Damion Lee,https://ak-static.cms.nba.com/wp-content/uploads/headshots/nba/latest/260x190/1627814.png
281,Alex Len,https://ak-static.cms.nba.com/wp-content/uploads/headshots/nba/latest/260x190/203458.png
282,Kawhi Leonard,https://ak-static.cms.nba.com/wp-content/uploads/headshots/nba/latest/260x190/202695.png
283,Meyers Leonard,https://ak-static.cms.nba.com/wp-content/uploads/headshots/nba/latest/260x190/203086.png
284,Caris LeVert,https://ak-static.cms.nba.com/wp-content/uploads/headshots/nba/latest/260x190/1627747.png
285,Damian Lillard,https://ak-static.cms.nba.com/wp-content/uploads/headshots/nba/latest/260x190/203081.png
286,Nassir Little,https://ak-static.cms.nba.com/wp-content/uploads/headshots/nba/latest/260x190/1629642.png
287,Kevon Looney,https://ak-static.cms.nba.com/wp-content/uploads/headshots/nba/latest/260x190/1626172.png
288,Brook Lopez,https://ak-static.cms.nba.com/wp-content/uploads/headshots/nba/latest/260x190/201572.png
289,Robin Lopez,https://ak-static.cms.nba.com/wp-content/uploads/headshots/nba/latest/260x190/201577.png
290,Kevin Love,https://ak-static.cms.nba.com/wp-content/uploads/headshots/nba/latest/260x190/201567.png
291,Kyle Lowry,https://ak-static.cms.nba.com/wp-content/uploads/headshots/nba/latest/260x190/200768.png
292,Timothe Luwawu-Cabarrot,https://ak-static.cms.nba.com/wp-content/uploads/headshots/nba/latest/260x190/1627789.png
293,Trey Lyles,https://ak-static.cms.nba.com/wp-content/uploads/headshots/nba/latest/260x190/1626168.png
294,Ian Mahinmi,https://ak-static.cms.nba.com/wp-content/uploads/headshots/nba/latest/260x190/101133.png
295,Thon Maker,https://ak-static.cms.nba.com/wp-content/uploads/headshots/nba/latest/260x190/1627748.png
296,Terance Mann,https://ak-static.cms.nba.com/wp-content/uploads/headshots/nba/latest/260x190/1629611.png
297,Boban Marjanovic,https://ak-static.cms.nba.com/wp-content/uploads/headshots/nba/latest/260x190/1626246.png
298,Lauri Markkanen,https://ak-static.cms.nba.com/wp-content/uploads/headshots/nba/latest/260x190/1628374.png
299,Caleb Martin,https://ak-static.cms.nba.com/wp-content/uploads/headshots/nba/latest/260x190/1628997.png
300,Cody Martin,https://ak-static.cms.nba.com/wp-content/uploads/headshots/nba/latest/260x190/1628998.png
301,Jeremiah Martin,https://ak-static.cms.nba.com/wp-content/uploads/headshots/nba/latest/260x190/1629725.png
302,Kelan Martin,https://ak-static.cms.nba.com/wp-content/uploads/headshots/nba/latest/260x190/1629103.png
303,Frank Mason,https://ak-static.cms.nba.com/wp-content/uploads/headshots/nba/latest/260x190/1628412.png
304,Garrison Mathews,https://ak-static.cms.nba.com/wp-content/uploads/headshots/nba/latest/260x190/1629726.png
305,Wesley Matthews,https://ak-static.cms.nba.com/wp-content/uploads/headshots/nba/latest/260x190/202083.png
306,Luc Mbah a Moute,https://ak-static.cms.nba.com/wp-content/uploads/headshots/nba/latest/260x190/201601.png
307,Patrick McCaw,https://ak-static.cms.nba.com/wp-content/uploads/headshots/nba/latest/260x190/1627775.png
308,CJ McCollum,https://ak-static.cms.nba.com/wp-content/uploads/headshots/nba/latest/260x190/203468.png
309,T.J. McConnell,https://ak-static.cms.nba.com/wp-content/uploads/headshots/nba/latest/260x190/204456.png
310,Jalen McDaniels,https://ak-static.cms.nba.com/wp-content/uploads/headshots/nba/latest/260x190/1629667.png
311,Doug McDermott,https://ak-static.cms.nba.com/wp-content/uploads/headshots/nba/latest/260x190/203926.png
312,JaVale McGee,https://ak-static.cms.nba.com/wp-content/uploads/headshots/nba/latest/260x190/201580.png
313,Rodney McGruder,https://ak-static.cms.nba.com/wp-content/uploads/headshots/nba/latest/260x190/203585.png
314,Alfonzo McKinnie,https://ak-static.cms.nba.com/wp-content/uploads/headshots/nba/latest/260x190/1628035.png
315,Jordan McLaughlin,https://ak-static.cms.nba.com/wp-content/uploads/headshots/nba/latest/260x190/1629162.png
316,Ben McLemore,https://ak-static.cms.nba.com/wp-content/uploads/headshots/nba/latest/260x190/203463.png
317,Jordan McRae,https://ak-static.cms.nba.com/wp-content/uploads/headshots/nba/latest/260x190/203895.png
318,Nicolo Melli,https://ak-static.cms.nba.com/wp-content/uploads/headshots/nba/latest/260x190/1629740.png
319,De'Anthony Melton,https://ak-static.cms.nba.com/wp-content/uploads/headshots/nba/latest/260x190/1629001.png
320,Chimezie Metu,https://ak-static.cms.nba.com/wp-content/uploads/headshots/nba/latest/260x190/1629002.png
321,Khris Middleton,https://ak-static.cms.nba.com/wp-content/uploads/headshots/nba/latest/260x190/203114.png
322,Darius Miller,https://ak-static.cms.nba.com/wp-content/uploads/headshots/nba/latest/260x190/203121.png
323,Malcolm Miller,https://ak-static.cms.nba.com/wp-content/uploads/headshots/nba/latest/260x190/1626259.png
324,Paul Millsap,https://ak-static.cms.nba.com/wp-content/uploads/headshots/nba/latest/260x190/200794.png
325,Patty Mills,https://ak-static.cms.nba.com/wp-content/uploads/headshots/nba/latest/260x190/201988.png
326,Shake Milton,https://ak-static.cms.nba.com/wp-content/uploads/headshots/nba/latest/260x190/1629003.png
327,Donovan Mitchell,https://ak-static.cms.nba.com/wp-content/uploads/headshots/nba/latest/260x190/1628378.png
328,Naz Mitrou-Long,https://ak-static.cms.nba.com/wp-content/uploads/headshots/nba/latest/260x190/1628513.png
329,Adam Mokoka,https://ak-static.cms.nba.com/wp-content/uploads/headshots/nba/latest/260x190/1629690.png
330,Malik Monk,https://ak-static.cms.nba.com/wp-content/uploads/headshots/nba/latest/260x190/1628370.png
331,Matt Mooney,https://ak-static.cms.nba.com/wp-content/uploads/headshots/nba/latest/260x190/1629760.png
332,E'Twaun Moore,https://ak-static.cms.nba.com/wp-content/uploads/headshots/nba/latest/260x190/202734.png
333,Ja Morant,https://ak-static.cms.nba.com/wp-content/uploads/headshots/nba/latest/260x190/1629630.png
334,Juwan Morgan,https://ak-static.cms.nba.com/wp-content/uploads/headshots/nba/latest/260x190/1629752.png
335,Marcus Morris Sr.,https://ak-static.cms.nba.com/wp-content/uploads/headshots/nba/latest/260x190/202694.png
336,Markieff Morris,https://ak-static.cms.nba.com/wp-content/uploads/headshots/nba/latest/260x190/202693.png
337,Monte Morris,https://ak-static.cms.nba.com/wp-content/uploads/headshots/nba/latest/260x190/1628420.png
338,Johnathan Motley,https://ak-static.cms.nba.com/wp-content/uploads/headshots/nba/latest/260x190/1628405.png
339,Emmanuel Mudiay,https://ak-static.cms.nba.com/wp-content/uploads/headshots/nba/latest/260x190/1626144.png
340,Mychal Mulder,https://ak-static.cms.nba.com/wp-content/uploads/headshots/nba/latest/260x190/1628539.png
341,Dejounte Murray,https://ak-static.cms.nba.com/wp-content/uploads/headshots/nba/latest/260x190/1627749.png
342,Jamal Murray,https://ak-static.cms.nba.com/wp-content/uploads/headshots/nba/latest/260x190/1627750.png
343,Dzanan Musa,https://ak-static.cms.nba.com/wp-content/uploads/headshots/nba/latest/260x190/1629058.png
344,Mike Muscala,https://ak-static.cms.nba.com/wp-content/uploads/headshots/nba/latest/260x190/203488.png
345,Svi Mykhailiuk,https://ak-static.cms.nba.com/wp-content/uploads/headshots/nba/latest/260x190/1629004.png
346,Abdel Nader,https://ak-static.cms.nba.com/wp-content/uploads/headshots/nba/latest/260x190/1627846.png
347,Larry Nance Jr.,https://ak-static.cms.nba.com/wp-content/uploads/headshots/nba/latest/260x190/1626204.png
348,Shabazz Napier,https://ak-static.cms.nba.com/wp-content/uploads/headshots/nba/latest/260x190/203894.png
349,Raul Neto,https://ak-static.cms.nba.com/wp-content/uploads/headshots/nba/latest/260x190/203526.png
350,Georges Niang,https://ak-static.cms.nba.com/wp-content/uploads/headshots/nba/latest/260x190/1627777.png
351,Joakim Noah,https://ak-static.cms.nba.com/wp-content/uploads/headshots/nba/latest/260x190/201149.png
352,Nerlens Noel,https://ak-static.cms.nba.com/wp-content/uploads/headshots/nba/latest/260x190/203457.png
353,Jaylen Nowell,https://ak-static.cms.nba.com/wp-content/uploads/headshots/nba/latest/260x190/1629669.png
354,Frank Ntilikina,https://ak-static.cms.nba.com/wp-content/uploads/headshots/nba/latest/260x190/1628373.png
355,Kendrick Nunn,https://ak-static.cms.nba.com/wp-content/uploads/headshots/nba/latest/260x190/1629134.png
356,Jusuf Nurkic,https://ak-static.cms.nba.com/wp-content/uploads/headshots/nba/latest/260x190/203994.png
357,David Nwaba,https://ak-static.cms.nba.com/wp-content/uploads/headshots/nba/latest/260x190/1628021.png
358,Royce O'Neale,https://ak-static.cms.nba.com/wp-content/uploads/headshots/nba/latest/260x190/1626220.png
359,Kyle O'Quinn,https://ak-static.cms.nba.com/wp-content/uploads/headshots/nba/latest/260x190/203124.png
360,Semi Ojeleye,https://ak-static.cms.nba.com/wp-content/uploads/headshots/nba/latest/260x190/1628400.png
361,Jahlil Okafor,https://ak-static.cms.nba.com/wp-content/uploads/headshots/nba/latest/260x190/1626143.png
362,Elie Okobo,https://ak-static.cms.nba.com/wp-content/uploads/headshots/nba/latest/260x190/1629059.png
363,Josh Okogie,https://ak-static.cms.nba.com/wp-content/uploads/headshots/nba/latest/260x190/1629006.png
364,KZ Okpala,https://ak-static.cms.nba.com/wp-content/uploads/headshots/nba/latest/260x190/1629644.png
365,Victor Oladipo,https://ak-static.cms.nba.com/wp-content/uploads/headshots/nba/latest/260x190/203506.png
366,Kelly Olynyk,https://ak-static.cms.nba.com/wp-content/uploads/headshots/nba/latest/260x190/203482.png
367,Miye Oni,https://ak-static.cms.nba.com/wp-content/uploads/headshots/nba/latest/260x190/1629671.png
368,Cedi Osman,https://ak-static.cms.nba.com/wp-content/uploads/headshots/nba/latest/260x190/1626224.png
369,Kelly Oubre Jr.,https://ak-static.cms.nba.com/wp-content/uploads/headshots/nba/latest/260x190/1626162.png
370,Tariq Owens,https://ak-static.cms.nba.com/wp-content/uploads/headshots/nba/latest/260x190/1629745.png
371,Jabari Parker,https://ak-static.cms.nba.com/wp-content/uploads/headshots/nba/latest/260x190/203953.png
372,Eric Paschall,https://ak-static.cms.nba.com/wp-content/uploads/headshots/nba/latest/260x190/1629672.png
373,Anzejs Pasecniks,https://ak-static.cms.nba.com/wp-content/uploads/headshots/nba/latest/260x190/1628394.png
374,Patrick Patterson,https://ak-static.cms.nba.com/wp-content/uploads/headshots/nba/latest/260x190/202335.png
375,Justin Patton,https://ak-static.cms.nba.com/wp-content/uploads/headshots/nba/latest/260x190/1628383.png
376,Chris Paul,https://ak-static.cms.nba.com/wp-content/uploads/headshots/nba/latest/260x190/101108.png
377,Cameron Payne,https://ak-static.cms.nba.com/wp-content/uploads/headshots/nba/latest/260x190/1626166.png
378,Gary Payton II,https://ak-static.cms.nba.com/wp-content/uploads/headshots/nba/latest/260x190/1627780.png
379,Elfrid Payton,https://ak-static.cms.nba.com/wp-content/uploads/headshots/nba/latest/260x190/203901.png
380,Norvel Pelle,https://ak-static.cms.nba.com/wp-content/uploads/headshots/nba/latest/260x190/203658.png
381,Theo Pinson,https://ak-static.cms.nba.com/wp-content/uploads/headshots/nba/latest/260x190/1629033.png
382,Mason Plumlee,https://ak-static.cms.nba.com/wp-content/uploads/headshots/nba/latest/260x190/203486.png
383,Jakob Poeltl,https://ak-static.cms.nba.com/wp-content/uploads/headshots/nba/latest/260x190/1627751.png
384,Vincent Poirier,https://ak-static.cms.nba.com/wp-content/uploads/headshots/nba/latest/260x190/1629738.png
385,Jordan Poole,https://ak-static.cms.nba.com/wp-content/uploads/headshots/nba/latest/260x190/1629673.png
386,Kevin Porter Jr.,https://ak-static.cms.nba.com/wp-content/uploads/headshots/nba/latest/260x190/1629645.png
387,Michael Porter Jr.,https://ak-static.cms.nba.com/wp-content/uploads/headshots/nba/latest/260x190/1629008.png
388,Otto Porter Jr.,https://ak-static.cms.nba.com/wp-content/uploads/headshots/nba/latest/260x190/203490.png
389,Jontay Porter,https://ak-static.cms.nba.com/wp-content/uploads/headshots/nba/latest/260x190/1629007.png
390,Bobby Portis,https://ak-static.cms.nba.com/wp-content/uploads/headshots/nba/latest/260x190/1626171.png
391,Kristaps Porzingis,https://ak-static.cms.nba.com/wp-content/uploads/headshots/nba/latest/260x190/204001.png
392,Dwight Powell,https://ak-static.cms.nba.com/wp-content/uploads/headshots/nba/latest/260x190/203939.png
393,Norman Powell,https://ak-static.cms.nba.com/wp-content/uploads/headshots/nba/latest/260x190/1626181.png
394,Taurean Prince,https://ak-static.cms.nba.com/wp-content/uploads/headshots/nba/latest/260x190/1627752.png
395,Julius Randle,https://ak-static.cms.nba.com/wp-content/uploads/headshots/nba/latest/260x190/203944.png
396,Josh Reaves,https://ak-static.cms.nba.com/wp-content/uploads/headshots/nba/latest/260x190/1629729.png
397,Cam Reddish,https://ak-static.cms.nba.com/wp-content/uploads/headshots/nba/latest/260x190/1629629.png
398,JJ Redick,https://ak-static.cms.nba.com/wp-content/uploads/headshots/nba/latest/260x190/200755.png
399,Naz Reid,https://ak-static.cms.nba.com/wp-content/uploads/headshots/nba/latest/260x190/1629675.png
400,Cameron Reynolds,https://ak-static.cms.nba.com/wp-content/uploads/headshots/nba/latest/260x190/1629244.png
401,Josh Richardson,https://ak-static.cms.nba.com/wp-content/uploads/headshots/nba/latest/260x190/1626196.png
402,Austin Rivers,https://ak-static.cms.nba.com/wp-content/uploads/headshots/nba/latest/260x190/203085.png
403,Andre Roberson,https://ak-static.cms.nba.com/wp-content/uploads/headshots/nba/latest/260x190/203460.png
404,Glenn Robinson III,https://ak-static.cms.nba.com/wp-content/uploads/headshots/nba/latest/260x190/203922.png
405,Duncan Robinson,https://ak-static.cms.nba.com/wp-content/uploads/headshots/nba/latest/260x190/1629130.png
406,Jerome Robinson,https://ak-static.cms.nba.com/wp-content/uploads/headshots/nba/latest/260x190/1629010.png
407,Mitchell Robinson,https://ak-static.cms.nba.com/wp-content/uploads/headshots/nba/latest/260x190/1629011.png
408,Isaiah Roby,https://ak-static.cms.nba.com/wp-content/uploads/headshots/nba/latest/260x190/1629676.png
409,Rajon Rondo,https://ak-static.cms.nba.com/wp-content/uploads/headshots/nba/latest/260x190/200765.png
410,Derrick Rose,https://ak-static.cms.nba.com/wp-content/uploads/headshots/nba/latest/260x190/201565.png
411,Terrence Ross,https://ak-static.cms.nba.com/wp-content/uploads/headshots/nba/latest/260x190/203082.png
412,Terry Rozier,https://ak-static.cms.nba.com/wp-content/uploads/headshots/nba/latest/260x190/1626179.png
413,Ricky Rubio,https://ak-static.cms.nba.com/wp-content/uploads/headshots/nba/latest/260x190/201937.png
414,D'Angelo Russell,https://ak-static.cms.nba.com/wp-content/uploads/headshots/nba/latest/260x190/1626156.png
415,Domantas Sabonis,https://ak-static.cms.nba.com/wp-content/uploads/headshots/nba/latest/260x190/1627734.png
416,Luka Samanic,https://ak-static.cms.nba.com/wp-content/uploads/headshots/nba/latest/260x190/1629677.png
417,JaKarr Sampson,https://ak-static.cms.nba.com/wp-content/uploads/headshots/nba/latest/260x190/203960.png
418,Dario Saric,https://ak-static.cms.nba.com/wp-content/uploads/headshots/nba/latest/260x190/203967.png
419,Tomas Satoransky,https://ak-static.cms.nba.com/wp-content/uploads/headshots/nba/latest/260x190/203107.png
420,Admiral Schofield,https://ak-static.cms.nba.com/wp-content/uploads/headshots/nba/latest/260x190/1629678.png
421,Dennis Schroder,https://ak-static.cms.nba.com/wp-content/uploads/headshots/nba/latest/260x190/203471.png
422,Mike Scott,https://ak-static.cms.nba.com/wp-content/uploads/headshots/nba/latest/260x190/203118.png
423,Thabo Sefolosha,https://ak-static.cms.nba.com/wp-content/uploads/headshots/nba/latest/260x190/200757.png
424,Collin Sexton,https://ak-static.cms.nba.com/wp-content/uploads/headshots/nba/latest/260x190/1629012.png
425,Landry Shamet,https://ak-static.cms.nba.com/wp-content/uploads/headshots/nba/latest/260x190/1629013.png
426,Marial Shayok,https://ak-static.cms.nba.com/wp-content/uploads/headshots/nba/latest/260x190/1629621.png
427,Pascal Siakam,https://ak-static.cms.nba.com/wp-content/uploads/headshots/nba/latest/260x190/1627783.png
428,Chris Silva,https://ak-static.cms.nba.com/wp-content/uploads/headshots/nba/latest/260x190/1629735.png
429,Ben Simmons,https://ak-static.cms.nba.com/wp-content/uploads/headshots/nba/latest/260x190/1627732.png
430,Kobi Simmons,https://ak-static.cms.nba.com/wp-content/uploads/headshots/nba/latest/260x190/1628424.png
431,Anfernee Simons,https://ak-static.cms.nba.com/wp-content/uploads/headshots/nba/latest/260x190/1629014.png
432,Alen Smailagic,https://ak-static.cms.nba.com/wp-content/uploads/headshots/nba/latest/260x190/1629346.png
433,Marcus Smart,https://ak-static.cms.nba.com/wp-content/uploads/headshots/nba/latest/260x190/203935.png
434,Dennis Smith Jr.,https://ak-static.cms.nba.com/wp-content/uploads/headshots/nba/latest/260x190/1628372.png
435,Ish Smith,https://ak-static.cms.nba.com/wp-content/uploads/headshots/nba/latest/260x190/202397.png
436,JR Smith,https://ak-static.cms.nba.com/wp-content/uploads/headshots/nba/latest/260x190/2747.png
437,Zhaire Smith,https://ak-static.cms.nba.com/wp-content/uploads/headshots/nba/latest/260x190/1629015.png
438,Tony Snell,https://ak-static.cms.nba.com/wp-content/uploads/headshots/nba/latest/260x190/203503.png
439,Ray Spalding,https://ak-static.cms.nba.com/wp-content/uploads/headshots/nba/latest/260x190/1629034.png
440,Omari Spellman,https://ak-static.cms.nba.com/wp-content/uploads/headshots/nba/latest/260x190/1629016.png
441,Max Strus,https://ak-static.cms.nba.com/wp-content/uploads/headshots/nba/latest/260x190/1629622.png
442,Edmond Sumner,https://ak-static.cms.nba.com/wp-content/uploads/headshots/nba/latest/260x190/1628410.png
443,Caleb Swanigan,https://ak-static.cms.nba.com/wp-content/uploads/headshots/nba/latest/260x190/1628403.png
444,Jayson Tatum,https://ak-static.cms.nba.com/wp-content/uploads/headshots/nba/latest/260x190/1628369.png
445,Jeff Teague,https://ak-static.cms.nba.com/wp-content/uploads/headshots/nba/latest/260x190/201952.png
446,Garrett Temple,https://ak-static.cms.nba.com/wp-content/uploads/headshots/nba/latest/260x190/202066.png
447,Daniel Theis,https://ak-static.cms.nba.com/wp-content/uploads/headshots/nba/latest/260x190/1628464.png
448,Khyri Thomas,https://ak-static.cms.nba.com/wp-content/uploads/headshots/nba/latest/260x190/1629017.png
449,Matt Thomas,https://ak-static.cms.nba.com/wp-content/uploads/headshots/nba/latest/260x190/1629744.png
450,Klay Thompson,https://ak-static.cms.nba.com/wp-content/uploads/headshots/nba/latest/260x190/202691.png
451,Tristan Thompson,https://ak-static.cms.nba.com/wp-content/uploads/headshots/nba/latest/260x190/202684.png
452,Sindarius Thornwell,https://ak-static.cms.nba.com/wp-content/uploads/headshots/nba/latest/260x190/1628414.png
453,Matisse Thybulle,https://ak-static.cms.nba.com/wp-content/uploads/headshots/nba/latest/260x190/1629680.png
454,Anthony Tolliver,https://ak-static.cms.nba.com/wp-content/uploads/headshots/nba/latest/260x190/201229.png
455,Juan Toscano-Anderson,https://ak-static.cms.nba.com/wp-content/uploads/headshots/nba/latest/260x190/1629308.png
456,Karl-Anthony Towns,https://ak-static.cms.nba.com/wp-content/uploads/headshots/nba/latest/260x190/1626157.png
457,Gary Trent Jr.,https://ak-static.cms.nba.com/wp-content/uploads/headshots/nba/latest/260x190/1629018.png
458,P.J. Tucker,https://ak-static.cms.nba.com/wp-content/uploads/headshots/nba/latest/260x190/200782.png
459,Rayjon Tucker,https://ak-static.cms.nba.com/wp-content/uploads/headshots/nba/latest/260x190/1629730.png
460,Evan Turner,https://ak-static.cms.nba.com/wp-content/uploads/headshots/nba/latest/260x190/202323.png
461,Myles Turner,https://ak-static.cms.nba.com/wp-content/uploads/headshots/nba/latest/260x190/1626167.png
462,Jonas Valanciunas,https://ak-static.cms.nba.com/wp-content/uploads/headshots/nba/latest/260x190/202685.png
463,Denzel Valentine,https://ak-static.cms.nba.com/wp-content/uploads/headshots/nba/latest/260x190/1627756.png
464,Jarred Vanderbilt,https://ak-static.cms.nba.com/wp-content/uploads/headshots/nba/latest/260x190/1629020.png
465,Fred VanVleet,https://ak-static.cms.nba.com/wp-content/uploads/headshots/nba/latest/260x190/1627832.png
466,Gabe Vincent,https://ak-static.cms.nba.com/wp-content/uploads/headshots/nba/latest/260x190/1629216.png
467,Noah Vonleh,https://ak-static.cms.nba.com/wp-content/uploads/headshots/nba/latest/260x190/203943.png
468,Nikola Vucevic,https://ak-static.cms.nba.com/wp-content/uploads/headshots/nba/latest/260x190/202696.png
469,Dean Wade,https://ak-static.cms.nba.com/wp-content/uploads/headshots/nba/latest/260x190/1629731.png
470,Moritz Wagner,https://ak-static.cms.nba.com/wp-content/uploads/headshots/nba/latest/260x190/1629021.png
471,Dion Waiters,https://ak-static.cms.nba.com/wp-content/uploads/headshots/nba/latest/260x190/203079.png
472,Lonnie Walker IV,https://ak-static.cms.nba.com/wp-content/uploads/headshots/nba/latest/260x190/1629022.png
473,Kemba Walker,https://ak-static.cms.nba.com/wp-content/uploads/headshots/nba/latest/260x190/202689.png
474,John Wall,https://ak-static.cms.nba.com/wp-content/uploads/headshots/nba/latest/260x190/202322.png
475,Brad Wanamaker,https://ak-static.cms.nba.com/wp-content/uploads/headshots/nba/latest/260x190/202954.png
476,T.J. Warren,https://ak-static.cms.nba.com/wp-content/uploads/headshots/nba/latest/260x190/203933.png
477,P.J. Washington,https://ak-static.cms.nba.com/wp-content/uploads/headshots/nba/latest/260x190/1629023.png
478,Yuta Watanabe,https://ak-static.cms.nba.com/wp-content/uploads/headshots/nba/latest/260x190/1629139.png
479,Tremont Waters,https://ak-static.cms.nba.com/wp-content/uploads/headshots/nba/latest/260x190/1629682.png
480,Paul Watson,https://ak-static.cms.nba.com/wp-content/uploads/headshots/nba/latest/260x190/1628778.png
481,Quinndary Weatherspoon,https://ak-static.cms.nba.com/wp-content/uploads/headshots/nba/latest/260x190/1629683.png
482,Russell Westbrook,https://ak-static.cms.nba.com/wp-content/uploads/headshots/nba/latest/260x190/201566.png
483,Coby White,https://ak-static.cms.nba.com/wp-content/uploads/headshots/nba/latest/260x190/1629632.png
484,Derrick White,https://ak-static.cms.nba.com/wp-content/uploads/headshots/nba/latest/260x190/1628401.png
485,Hassan Whiteside,https://ak-static.cms.nba.com/wp-content/uploads/headshots/nba/latest/260x190/202355.png
486,Andrew Wiggins,https://ak-static.cms.nba.com/wp-content/uploads/headshots/nba/latest/260x190/203952.png
487,Robert Williams III,https://ak-static.cms.nba.com/wp-content/uploads/headshots/nba/latest/260x190/1629057.png
488,Nigel Williams-Goss,https://ak-static.cms.nba.com/wp-content/uploads/headshots/nba/latest/260x190/1628430.png
489,Grant Williams,https://ak-static.cms.nba.com/wp-content/uploads/headshots/nba/latest/260x190/1629684.png
490,Johnathan Williams,https://ak-static.cms.nba.com/wp-content/uploads/headshots/nba/latest/260x190/1629140.png
491,Kenrich Williams,https://ak-static.cms.nba.com/wp-content/uploads/headshots/nba/latest/260x190/1629026.png
492,Lou Williams,https://ak-static.cms.nba.com/wp-content/uploads/headshots/nba/latest/260x190/101150.png
493,Marvin Williams,https://ak-static.cms.nba.com/wp-content/uploads/headshots/nba/latest/260x190/101107.png
494,Zion Williamson,https://ak-static.cms.nba.com/wp-content/uploads/headshots/nba/latest/260x190/1629627.png
495,D.J. Wilson,https://ak-static.cms.nba.com/wp-content/uploads/headshots/nba/latest/260x190/1628391.png
496,Dylan Windler,https://ak-static.cms.nba.com/wp-content/uploads/headshots/nba/latest/260x190/1629685.png
497,Justise Winslow,https://ak-static.cms.nba.com/wp-content/uploads/headshots/nba/latest/260x190/1626159.png
498,Christian Wood,https://ak-static.cms.nba.com/wp-content/uploads/headshots/nba/latest/260x190/1626174.png
499,Kenny Wooten,https://ak-static.cms.nba.com/wp-content/uploads/headshots/nba/latest/260x190/1629624.png
500,Justin Wright-Foreman,https://ak-static.cms.nba.com/wp-content/uploads/headshots/nba/latest/260x190/1629625.png
501,Delon Wright,https://ak-static.cms.nba.com/wp-content/uploads/headshots/nba/latest/260x190/1626153.png
502,Thaddeus Young,https://ak-static.cms.nba.com/wp-content/uploads/headshots/nba/latest/260x190/201152.png
503,Trae Young,https://ak-static.cms.nba.com/wp-content/uploads/headshots/nba/latest/260x190/1629027.png
504,Cody Zeller,https://ak-static.cms.nba.com/wp-content/uploads/headshots/nba/latest/260x190/203469.png
505,Tyler Zeller,https://ak-static.cms.nba.com/wp-content/uploads/headshots/nba/latest/260x190/203092.png
506,Ante Zizic,https://ak-static.cms.nba.com/wp-content/uploads/headshots/nba/latest/260x190/1627790.png
507,Ivica Zubac,https://ak-static.cms.nba.com/wp-content/uploads/headshots/nba/latest/260x190/1627826.png
508,Isaiah Thomas,https://ak-static.cms.nba.com/wp-content/uploads/headshots/nba/latest/260x190/202738.png